{"name":"6d38c0c7-85ea-4efa-8b77-68869fda04ea","id":"/providers/Microsoft.Flow/flows/6d38c0c7-85ea-4efa-8b77-68869fda04ea","type":"Microsoft.Flow/flows","properties":{"apiId":"/providers/Microsoft.PowerApps/apis/shared_logicflows","displayName":"Email to Excel Tracker","definition":{"metadata":{"workflowEntityId":null,"processAdvisorMetadata":null,"flowChargedByPaygo":null,"flowclientsuspensionreason":"None","flowclientsuspensiontime":null,"flowclientsuspensionreasondetails":null,"creator":{"id":"480e94bc-9d53-443f-8ff9-685e68a5ab53","type":"User","tenantId":"a0f09f69-3caa-4b21-8efd-4ef01f250d10"},"provisioningMethod":"FromDefinition","failureAlertSubscription":true,"clientLastModifiedTime":"2025-07-14T07:50:49.1797083Z","connectionKeySavedTimeKey":"2025-07-14T07:50:49.1797083Z","creationSource":"Portal","modifiedSources":"Portal"},"$schema":"https://schema.management.azure.com/providers/Microsoft.Logic/schemas/2016-06-01/workflowdefinition.json#","contentVersion":"1.0.0.0","parameters":{"$authentication":{"defaultValue":{},"type":"SecureObject"},"$connections":{"defaultValue":{},"type":"Object"}},"triggers":{"When_a_new_email_arrives_(V3)":{"splitOn":"@triggerOutputs()?['body/value']","type":"OpenApiConnectionNotification","inputs":{"host":{"apiId":"/providers/Microsoft.PowerApps/apis/shared_office365","connectionName":"shared_office365","operationId":"OnNewEmailV3"},"authentication":"@parameters('$authentication')"}}},"actions":{"Add_a_row_into_a_table":{"runAfter":{},"metadata":{"01NP5SSDUTC34QWQGAJJD3PUE4ZFHQF2FA":"/email_tracker.xlsx","tableId":"{B300076F-097C-47FB-8DC2-A7C8C6345CCA}"},"type":"OpenApiConnection","inputs":{"parameters":{"source":"me","drive":"b!xDePfrpadEmSkas_oYongc9LihFSeelLlqutqBvpHIkxmhAMEmObQ55Cefi2f773","file":"01NP5SSDUTC34QWQGAJJD3PUE4ZFHQF2FA","table":"{B300076F-097C-47FB-8DC2-A7C8C6345CCA}","item/Date Received":"@convertTimeZone(triggerOutputs()?['body/receivedDateTime'], 'UTC', 'Arabian Standard Time', 'dd/MM/yyyy HH:mm:ss')","item/From":"@triggerOutputs()?['body/from']","item/Subject":"@triggerOutputs()?['body/subject']","item/Body Preview":"@triggerOutputs()?['body/bodyPreview']"},"host":{"apiId":"/providers/Microsoft.PowerApps/apis/shared_excelonlinebusiness","connectionName":"shared_excelonlinebusiness-1","operationId":"AddRowV2"},"authentication":"@parameters('$authentication')"}}},"outputs":{}},"connectionReferences":{"shared_office365":{"connectionName":"shared-office365-270e185a-be78-4ea8-ba50-c73a20e269d8","source":"Embedded","id":"/providers/Microsoft.PowerApps/apis/shared_office365","tier":"NotSpecified","apiName":"office365","isProcessSimpleApiReferenceConversionAlreadyDone":false},"shared_excelonlinebusiness-1":{"connectionName":"shared-excelonlinebu-a1d51706-6301-465e-a4d9-8aaeeb18b2ce","source":"Embedded","id":"/providers/Microsoft.PowerApps/apis/shared_excelonlinebusiness","tier":"NotSpecified","apiName":"excelonlinebusiness","isProcessSimpleApiReferenceConversionAlreadyDone":false}},"flowFailureAlertSubscribed":false,"isManaged":false}}